{"inputUnits":[34],"outputUnits":3,"inputs":{"0":{"dtype":"number","min":58.929899858917175,"max":539.6647281163384},"1":{"dtype":"number","min":181.6882157651072,"max":351.42829523216676},"2":{"dtype":"number","min":73.52427283690454,"max":572.6700275264985},"3":{"dtype":"number","min":161.67644314830994,"max":323.24850249708743},"4":{"dtype":"number","min":30.785923413133528,"max":516.5126961155942},"5":{"dtype":"number","min":163.17846762971337,"max":312.82310203269674},"6":{"dtype":"number","min":145.05136114347283,"max":595.6153619777389},"7":{"dtype":"number","min":174.64922899391217,"max":331.15343536317465},"8":{"dtype":"number","min":22.468236436156037,"max":465.676078573305},"9":{"dtype":"number","min":182.31932879888524,"max":321.01382249977155},"10":{"dtype":"number","min":270.6198613871375,"max":590.7112546924494},"11":{"dtype":"number","min":278.11517488654357,"max":430.4204316910712},"12":{"dtype":"number","min":90.319386383711,"max":352.72399783366836},"13":{"dtype":"number","min":303.1876654373972,"max":425.1775331850405},"14":{"dtype":"number","min":345.7100107888264,"max":597.6676917122586},"15":{"dtype":"number","min":437.0649045531512,"max":557.1512040106641},"16":{"dtype":"number","min":38.948807149370275,"max":228.6581593414961},"17":{"dtype":"number","min":412.2362989756563,"max":555.1587425663224},"18":{"dtype":"number","min":309.1453662299738,"max":569.1018902813946},"19":{"dtype":"number","min":424.3935568290844,"max":559.8004825584604},"20":{"dtype":"number","min":5.611531813474659,"max":166.93268476638644},"21":{"dtype":"number","min":439.89065545808967,"max":542.4474484925149},"22":{"dtype":"number","min":260.6938376621893,"max":519.3157147710551},"23":{"dtype":"number","min":529.2659600389863,"max":559.0433868980779},"24":{"dtype":"number","min":122.11215861359534,"max":340.4305774473075},"25":{"dtype":"number","min":520.5231176900585,"max":554.0260728386178},"26":{"dtype":"number","min":261.92571138080797,"max":503.23972824721307},"27":{"dtype":"number","min":532.7521465814601,"max":557.831946925113},"28":{"dtype":"number","min":114.37964307402076,"max":337.83429984228417},"29":{"dtype":"number","min":536.4437727900277,"max":558.066061365674},"30":{"dtype":"number","min":256.9435467636376,"max":497.4518589666712},"31":{"dtype":"number","min":552.6814850031981,"max":561.5353087189137},"32":{"dtype":"number","min":116.89455266584429,"max":336.6804198028981},"33":{"dtype":"number","min":553.5463210434941,"max":559.5376354909082}},"outputs":{"0":{"dtype":"string","min":0,"max":1,"uniqueValues":["n","j","d"],"legend":{"n":[1,0,0],"j":[0,1,0],"d":[0,0,1]}}},"isNormalized":true}